"Club ID", "Runner", "Distance", "Runs"
"452045","Feng Q.","26.2218562","2"
"157594","Mei C.","25.1655255","2"
"464836","Jun Z.","25.1033884","2"
"157594","Junfeng Z.","19.7595978","2"
"464836","King R.","17.398388","2"
"464836","Rocky L.","17.025565399999998","2"
"464836","jessica Z.","16.2799202","3"
"157594","Li Z.","15.7206863","2"
"464836","Kevin T.","13.9808475","2"
"452045","NAIDONG W.","13.9808475","2"
"157594","Sherry Y.","12.5516942","2"
"299365","Yongcong D.","12.4895571","1"
"464836","juanjuan l.","12.365282899999999","1"
"157594","Guanyu W.","11.992460300000001","2"
"464836","Yi H.","11.806049","2"
"452045","Joanna Z.","10.9982667","2"
"299365","andy m.","10.2526215","1"
"299365","Kebiao Y.","10.0662102","1"
"157594","May L.","10.004073100000001","1"
"157594","Sophia L.","10.004073100000001","1"
"464836","Yi X.","9.941936","1"
"157594","Deling R.","9.8797989","1"
"464836","Luchi C.","9.3827021","1"
"157594","Ying N.","9.0720166","2"
"464836","Alexis Z.","9.0098795","1"
"299365","Kan M.","8.947742400000001","1"
"464836","Cathy W.","8.7613311","1"
"299365","Wuming G.","8.1399601","1"
"464836","Joy 乔.","8.077823","1"
"464836","jinglin f.","8.077823","1"
"157594","David L.","8.015685900000001","1"
"452045","Jun J.","8.015685900000001","1"
"299365","Huibin Z.","7.9535488","1"
"452045","Sherry s.","7.9535488","1"
"452045","Alan D.","7.8914117","1"
"157594","Zhuowei L.","7.8292746","2"
"299365","LJ Y.","7.4564520000000005","1"
"157594","Michelle M.","7.4564520000000005","1"
"157594","Yuqi F.","7.4564520000000005","1"
"452045","Jessica W.","7.2700407","1"
"157594","Xiaozhong X.","7.2079036","1"
"157594","Bob M.","7.1457665","1"
"157594","Jacky C.","7.1457665","1"
"157594","Becca C.","7.0214923","1"
"464836","Griffin L.","7.0214923","1"
"299365","Amber X.","6.9593552","1"
"157594","Jingyang Z.","6.9593552","1"
"157594","Mei X.","6.9593552","1"
"157594","John D.","6.8972181","1"
"452045","Zuo Z.","6.835081","2"
