"Club ID", "Runner", "Distance", "Runs"
"452045","Janphy S.","32.124880700000006","4"
"452045","Feng Q.","26.2218562","2"
"157594","Mei C.","25.1655255","2"
"452045","Jane L.","23.5499609","2"
"157594","Jingyang Z.","20.5673801","2"
"157594","Sophia L.","20.008146200000002","2"
"157594","Deling R.","19.7595978","2"
"157594","Junfeng Z.","19.7595978","2"
"157594","Guanyu W.","17.9576219","3"
"464836","King R.","17.398388","2"
"464836","Rocky L.","17.025565399999998","2"
"157594","Li Z.","15.7206863","2"
"452045","Howard G.","15.5964121","2"
"157594","Bob M.","15.534275000000001","2"
"452045","Alan D.","15.3478637","2"
"157594","Mei X.","14.9750411","2"
"464836","Kevin T.","13.9808475","2"
"452045","NAIDONG W.","13.9808475","2"
"464836","Jun Z.","13.608024899999998","1"
"452045","Zuo Z.","12.986653899999999","4"
"157594","Sherry Y.","12.5516942","2"
"299365","Lei Kevin J.","12.4895571","2"
"299365","Yongcong D.","12.4895571","1"
"452045","Jessica W.","12.365282899999999","2"
"452045","Joanna Z.","10.9982667","2"
"452045","Jing Y.","10.8739925","1"
"299365","andy m.","10.2526215","1"
"299365","Kebiao Y.","10.0662102","1"
"299365","Huaping W.","10.004073100000001","1"
"157594","May L.","10.004073100000001","1"
"157594","alex W.","9.5069763","2"
"464836","Luchi C.","9.3827021","1"
"157594","Ying N.","9.0720166","2"
"464836","Alexis Z.","9.0098795","1"
"452045","john c.","9.0098795","1"
"299365","Kan M.","8.947742400000001","1"
"157594","Bison Z.","8.2642343","2"
"157594","Hao Z.","8.1399601","1"
"299365","Wuming G.","8.1399601","1"
"157594","David L.","8.015685900000001","1"
"452045","Jun J.","8.015685900000001","1"
"299365","Huibin Z.","7.9535488","1"
"452045","Sherry s.","7.9535488","1"
"157594","Zhuowei L.","7.8292746","2"
"452045","David Q.","7.7050004","2"
"157594","Shaofeng Z.","7.6428633","2"
"299365","LJ Y.","7.4564520000000005","1"
"157594","Michelle M.","7.4564520000000005","1"
"157594","Yuqi F.","7.4564520000000005","1"
"299365","Guoguang W.","7.3943149","3"
