"Club ID", "Runner", "Distance", "Runs"
"157594","Sophia L.","101.78056980000001","11"
"157594","Guanyu W.","74.00528609999999","7"
"157594","Jingyang Z.","72.8246812","7"
"157594","Deling R.","68.8479068","7"
"157594","Li Z.","56.7311723","6"
"157594","Ying N.","55.799115799999996","7"
"157594","Viona X.","49.0261719","5"
"157594","Guangzhen X.","46.7892363","7"
"157594","Liam S.","46.602825","6"
"157594","Junfeng Z.","45.732905599999995","4"
"157594","Hao Z.","45.5464943","4"
"157594","GW W.","42.9367361","4"
"157594","John D.","42.066816700000004","5"
"157594","Yingtao W.","41.010486","5"
"157594","Liang Gang Y.","39.6434698","4"
"157594","Mei X.","38.1521794","5"
"157594","Mei C.","33.4297598","3"
"157594","Linda Li H.","32.8705259","4"
"157594","susan J.","32.3734291","5"
"157594","Lily Q.","31.130687100000003","8"
"157594","Bison Z.","30.633590299999998","4"
"157594","Rui G.","29.8879451","7"
"157594","Yong Z.","29.825808000000002","5"
"157594","Xiao W.","28.8316144","4"
"157594","Becca C.","28.3345176","3"
"157594","May L.","28.0859692","7"
"157594","Metis Z.","28.0859692","1"
"157594","Michelle M.","27.961695","2"
"157594","David G.","24.5441545","4"
"157594","Dylan W.","24.109194799999997","2"
"157594","Shengyu  F.","23.487823799999997","3"
"157594","Xiaozhong X.","22.4314931","4"
"157594","Zhen M.","22.245081799999998","3"
"157594","Sankari S.","21.9965334","4"
"157594","Hanshi L.","20.4431059","5"
"157594","John W.","19.5110494","3"
"157594","Zhimin C.","18.7032671","4"
"157594","Zhuowei L.","17.7712106","2"
"157594","Jingjing M.","17.398388","3"
"157594","Ray W.","17.274113800000002","2"
"157594","Shuang S.","17.1498396","1"
"157594","alex W.","16.652742800000002","5"
"157594","Paige W.","16.4663315","4"
"157594","Shengquan L.","16.404194399999998","4"
"157594","Tony W.","16.217783100000002","2"
"157594","Xiangdong P.","16.217783100000002","3"
"157594","Shumin F.","15.9070976","4"
"157594","Jacky C.","15.7828234","3"
"157594","Stephanie L.","15.4721379","4"
"157594","Yina W.","14.4779443","3"
