"Club ID", "Runner", "Distance", "Runs"
"452045","Janphy S.","38.4628649","5"
"464836","Jun Z.","38.4628649","3"
"452045","Feng Q.","36.2880664","3"
"157594","Sophia L.","35.6045583","3"
"157594","Mei C.","33.9889937","4"
"157594","Jingyang Z.","33.1812114","3"
"157594","Junfeng Z.","29.0801628","3"
"157594","Li Z.","28.8316144","3"
"452045","Howard G.","27.5888724","3"
"452045","Zuo Z.","26.035444899999998","7"
"464836","Tina W.","25.476211","3"
"452045","Yan J.","24.9791142","2"
"464836","Luchi C.","24.5441545","3"
"452045","NAIDONG W.","23.984920600000002","3"
"464836","King R.","23.9227835","3"
"452045","Panxing W.","23.8606464","2"
"452045","Jane L.","23.5499609","2"
"452045","Alan D.","23.487823799999997","3"
"157594","Mei X.","22.3072189","3"
"464836","Cathy W.","21.5615737","3"
"157594","Ying N.","21.250888200000002","3"
"299365","Yongcong D.","20.8780656","2"
"452045","Julie Q.","20.380968799999998","3"
"464836","Kevin T.","20.2566946","3"
"464836","Cindy W.","20.194557500000002","5"
"464836","Wayne S.","20.1324204","2"
"464836","Joy 乔.","19.9460091","2"
"157594","Deling R.","19.7595978","2"
"452045","Yanling W.","19.6353236","3"
"464836","Bill M.","19.3867752","2"
"452045","Jing Y.","19.3246381","2"
"464836","Alexis Z.","19.0139526","3"
"157594","Sherry Y.","18.8275413","3"
"157594","David L.","18.1440332","2"
"157594","Guanyu W.","17.9576219","3"
"299365","Kan M.","17.9576219","2"
"299365","Guoguang W.","17.7090735","6"
"299365","Kebiao Y.","17.7090735","2"
"464836","juanjuan l.","17.4605251","2"
"464836","frank l.","17.398388","4"
"157594","Becca C.","17.2119767","2"
"464836","Rocky L.","17.025565399999998","2"
"464836","Griffin L.","16.9634283","4"
"299365","Huibin Z.","16.9634283","2"
"157594","Viona X.","16.9634283","2"
"157594","Yuqi F.","16.9634283","2"
"464836","Jim X.","16.5284686","4"
"452045","Junyi Z.","16.404194399999998","3"
"157594","alex W.","16.404194399999998","4"
"452045","Jessica W.","16.3420573","3"
