"Club ID", "Runner", "Distance", "Runs"
"464836","Jun Z.","13.608024899999998","1"
"452045","Feng Q.","10.1283473","1"
"464836","jessica Z.","7.0836294","1"
"464836","Rocky L.","6.835081","1"
"464836","Kevin T.","6.2758471","1"
"464836","Tony W.","4.9088309","1"
"464836","King R.","4.349597","1"
"452045","NAIDONG W.","3.9767744","1"
"452045","Junyi Z.","1.1184678000000001","1"
