"Club ID", "Runner", "Distance", "Runs"
"452045","Janphy S.","32.124880700000006","4"
"452045","Feng Q.","26.2218562","2"
"157594","Mei C.","25.1655255","2"
"464836","Jun Z.","25.1033884","2"
"452045","Jane L.","23.5499609","2"
"157594","Jingyang Z.","20.5673801","2"
"157594","Sophia L.","20.008146200000002","2"
"157594","Deling R.","19.7595978","2"
"157594","Junfeng Z.","19.7595978","2"
"157594","Guanyu W.","17.9576219","3"
"464836","King R.","17.398388","2"
"464836","Rocky L.","17.025565399999998","2"
"464836","jessica Z.","16.2799202","3"
"157594","Li Z.","15.7206863","2"
"452045","Howard G.","15.5964121","2"
"157594","Mei X.","14.9750411","2"
"464836","Tina W.","14.291533","2"
"464836","Kevin T.","13.9808475","2"
"452045","NAIDONG W.","13.9808475","2"
"157594","Sherry Y.","12.5516942","2"
"299365","Yongcong D.","12.4895571","1"
"452045","Jessica W.","12.365282899999999","2"
"464836","juanjuan l.","12.365282899999999","1"
"464836","Yi H.","11.806049","2"
"452045","Joanna Z.","10.9982667","2"
"464836","Elsa L.","10.6875812","2"
"299365","andy m.","10.2526215","1"
"299365","Kebiao Y.","10.0662102","1"
"157594","May L.","10.004073100000001","1"
"464836","Yi X.","9.941936","1"
"452045","Zuo Z.","9.8797989","3"
"157594","alex W.","9.5069763","2"
"464836","Luchi C.","9.3827021","1"
"157594","Ying N.","9.0720166","2"
"464836","Alexis Z.","9.0098795","1"
"452045","john c.","9.0098795","1"
"299365","Kan M.","8.947742400000001","1"
"464836","Cathy W.","8.7613311","1"
"157594","Bison Z.","8.2642343","2"
"464836","Wayne S.","8.2642343","1"
"299365","Wuming G.","8.1399601","1"
"464836","Joy 乔.","8.077823","1"
"464836","jinglin f.","8.077823","1"
"157594","David L.","8.015685900000001","1"
"452045","Jun J.","8.015685900000001","1"
"299365","Huibin Z.","7.9535488","1"
"452045","Sherry s.","7.9535488","1"
"452045","Alan D.","7.8914117","1"
"157594","Zhuowei L.","7.8292746","2"
"452045","David Q.","7.7050004","2"
