"Club ID", "Runner", "Distance", "Runs"
"464836","Jun Z.","13.608024899999998","1"
"299365","Yongcong D.","12.4895571","1"
"157594","Guanyu W.","11.992460300000001","2"
"299365","andy m.","10.2526215","1"
"452045","Feng Q.","10.1283473","1"
"299365","Kebiao Y.","10.0662102","1"
"157594","Mei C.","10.0662102","1"
"157594","Sophia L.","10.004073100000001","1"
"157594","Deling R.","9.8797989","1"
"464836","Luchi C.","9.3827021","1"
"464836","Alexis Z.","9.0098795","1"
"299365","Kan M.","8.947742400000001","1"
"157594","Junfeng Z.","8.7613311","1"
"299365","Wuming G.","8.1399601","1"
"157594","David L.","8.015685900000001","1"
"452045","Jun J.","8.015685900000001","1"
"299365","Huibin Z.","7.9535488","1"
"452045","Sherry s.","7.9535488","1"
"452045","Alan D.","7.8914117","1"
"299365","LJ Y.","7.4564520000000005","1"
"157594","Michelle M.","7.4564520000000005","1"
"157594","Yuqi F.","7.4564520000000005","1"
"452045","Jessica W.","7.2700407","1"
"157594","Xiaozhong X.","7.2079036","1"
"157594","Bob M.","7.1457665","1"
"157594","Jacky C.","7.1457665","1"
"464836","jessica Z.","7.0836294","1"
"157594","Becca C.","7.0214923","1"
"299365","Amber X.","6.9593552","1"
"157594","Jingyang Z.","6.9593552","1"
"157594","Mei X.","6.9593552","1"
"157594","John D.","6.8972181","1"
"464836","Rocky L.","6.835081","1"
"452045","Zuo Z.","6.835081","2"
"452045","Yanling W.","6.4001213","1"
"157594","Haipeng L.","6.2758471","1"
"464836","Kevin T.","6.2758471","1"
"157594","Sherry Y.","6.2758471","1"
"452045","Donna Z.","6.21371","1"
"299365","Lei Kevin J.","6.21371","1"
"299365","Li Y.","6.21371","1"
"464836","Tina W.","6.21371","1"
"157594","Guangzhen X.","6.151572900000001","1"
"452045","Julie Q.","6.151572900000001","1"
"452045","Joanna Z.","5.9651616","1"
"157594","Shumin F.","5.9651616","1"
"157594","Viona X.","5.9651616","1"
"157594","Yong Z.","5.9651616","1"
"464836","Cai Z.","5.6544761","1"
"299365","Guoguang W.","5.592339","2"
