"Club ID", "Runner", "Distance", "Runs"
"234023","Xianrong  W.","51.573793","4"
"234023","Shizhong Y.","46.602825","6"
"234023","Jun Y.","41.6939941","8"
"234023","Lance P.","38.0900423","4"
"236304","Henry (He) H.","36.2880664","3"
"234023","Guanyu W.","35.9773809","4"
"234023","Xianbao H.","35.418147","4"
"234023","Kun S.","33.4297598","4"
"479503","Nadia L.","32.124880700000006","8"
"234023","Yueping X.","31.1928242","5"
"234023","Yimei H.","30.8200016","3"
"197462","Shaoming Q.","30.5093161","3"
"197462","Zunxuan Digger C.","29.204437","3"
"234023","Qing D.","28.8316144","3"
"236304","Meng S.","28.396654700000003","3"
"234023","James N.","28.2723805","3"
"234023","SHIHUI Y.","28.2102434","7"
"234023","Mingliang G.","27.216049799999997","4"
"234023","Connie C.","26.4082675","3"
"234023","Jing Z.","26.2839933","4"
"234023","Lanshan c.","24.668428700000003","5"
"197462","JiaLin C.","24.606291600000002","3"
"197462","Hong T.","24.2956061","4"
"234023","Lixin (Simon) G.","24.233469","3"
"236304","Shen X.","24.109194799999997","4"
"234023","Lucy L.","23.612098","3"
"234023","chunhua l.","22.990727","3"
"236304","Y S.","22.804315700000004","3"
"236304","Sheldon F.","22.182944700000004","4"
"197462","Yanxia G.","21.6858479","3"
"234023","Melissa Q.","21.0644769","2"
"236304","大雁 Z.","21.0644769","3"
"234023","Hongmei W.","21.002339799999998","2"
"479503","Chang L.","20.8780656","4"
"197462","Wei J.","20.8780656","6"
"234023","Fucheng R.","20.4431059","8"
"479503","Lei W.","20.1324204","9"
"234023","Jingning W.","19.8217349","2"
"236304","Haifeng Q.","19.262501","3"
"197462","光良（Gary） 刘.","19.0760897","2"
"236304","Yingsheng L.","19.0139526","3"
"236304","Chunxin W.","18.8275413","2"
"234023","Jessie Z.","18.3925816","3"
"234023","Yanling Z.","17.5847993","3"
"234023","Enyang H.","17.4605251","2"
"234023","Xiao H.","17.398388","2"
"234023","探 梅.","17.3362509","3"
"234023","Wentao L.","17.274113800000002","2"
"234023","Pei L.","16.9634283","2"
"236304","Annie C.","16.7148799","3"
