"Club ID", "Runner", "Distance", "Runs"
"234023","Jun Y.","109.29915890000001","17"
"234023","Xianrong  W.","97.6795212","8"
"234023","Shizhong Y.","94.2619807","11"
"236304","Henry (He) H.","76.2422217","9"
"234023","Yimei H.","74.99947970000001","7"
"234023","Kun S.","71.9547618","8"
"234023","Jing Z.","70.4634714","8"
"234023","chunhua l.","68.0401245","7"
"234023","Xianbao H.","65.61677759999999","7"
"234023","Lance P.","64.4361727","6"
"479503","Nadia L.","63.1312936","14"
"234023","Melissa Q.","62.509922599999996","15"
"234023","Yueping X.","62.0128258","9"
"234023","Enyang H.","60.5836725","8"
"236304","Meng S.","57.9117772","6"
"234023","Qing D.","56.9797207","5"
"236304","Y S.","56.606898099999995","6"
"234023","Guanyu W.","55.9855271","6"
"234023","Fan W.","55.4884303","6"
"236304","Chunxin W.","54.183551200000004","7"
"234023","Connie C.","53.9350028","5"
"236304","Haifeng Q.","53.5000431","6"
"234023","Fucheng R.","52.5679866","16"
"234023","Pei L.","52.070889799999996","7"
"234023","James N.","51.635930099999996","5"
"234023","Wentao L.","51.5116559","5"
"197462","Yanxia G.","51.1388333","7"
"236304","Sheldon F.","49.70968","6"
"234023","Lixin (Simon) G.","48.404800900000005","5"
"234023","Xiali H.","47.410607299999995","5"
"197462","Zunxuan Digger C.","47.224196","4"
"234023","SHIHUI Y.","47.0999218","10"
"236304","Scarlet  Z.","46.727099200000005","5"
"479503","Lei W.","46.3542766","16"
"234023","Jubao Z.","45.919316900000005","5"
"197462","JiaLin C.","45.0493975","5"
"236304","Shen X.","44.117341","5"
"236304","Annie C.","43.558107099999994","4"
"236304","Qingfeng H.","43.309558700000004","4"
"236304","John L.","43.1852845","5"
"234023","Huaiqin W.","42.7503248","10"
"234023","Gwong L.","42.004679599999996","4"
"234023","H W.","42.004679599999996","6"
"234023","Sophie Z.","41.631857000000004","10"
"234023","Yiyong S.","41.4454457","6"
"197462","Jenny Z.","40.948348900000006","14"
"197462","Shaoming Q.","40.5133892","4"
"234023","Lucy L.","39.6434698","4"
"234023","Haiyan X.","39.0220988","4"
"234023","Lanshan c.","38.8978246","7"
