"Club ID", "Runner", "Distance", "Runs"
"197462","Jenny Z.","9.258427900000001","1"
"234023","Kun S.","8.947742400000001","1"
"234023","Xianbao H.","7.0214923","1"
"236304","Shumin Z.","6.151572900000001","1"
"197462","Hong T.","5.7787503000000005","1"
"236304","Qiang X.","3.9767744","1"
"197462","Julie h.","3.2311292000000003","1"
"479503","Qi L.","0.5592339000000001","1"
