"Club ID", "Runner", "Distance", "Runs"
"234023","Jun Y.","26.656815899999998","5"
"234023","Xianrong  W.","25.6004852","2"
"236304","Henry (He) H.","24.1713319","2"
"234023","Kun S.","21.3751624","2"
"234023","Melissa Q.","21.0644769","2"
"234023","James N.","20.2566946","2"
"234023","Connie C.","20.1324204","2"
"236304","Haifeng Q.","19.262501","3"
"234023","Shizhong Y.","19.2003639","3"
"479503","Nadia L.","18.9518155","5"
"234023","Yimei H.","18.3925816","2"
"234023","Lance P.","18.019759","2"
"234023","chunhua l.","16.9634283","2"
"234023","Yueping X.","16.4663315","2"
"236304","Meng S.","16.3420573","2"
"234023","Xianbao H.","16.0935089","2"
"234023","Liewei B.","16.031371800000002","2"
"234023","SHIHUI Y.","16.031371800000002","4"
"234023","Wendy T.","16.031371800000002","2"
"234023","Guanyu W.","15.9692347","2"
"197462","JiaLin C.","15.4721379","2"
"236304","John L.","15.0371782","2"
"236304","乾坤 陈.","14.4779443","1"
"234023","Yanling Z.","14.4158072","2"
"234023","Lanshan c.","14.3536701","2"
"236304","Shen X.","14.0429846","3"
"197462","Zunxuan Digger C.","13.7322991","2"
"234023","Mingliang G.","13.670162","2"
"234023","Lucy L.","13.4837507","2"
"234023","Xiao H.","13.1109281","1"
"236304","Scarlet  Z.","13.048791","2"
"197462","Hong T.","12.365282899999999","2"
"197462","Zhonghai Z.","12.1167345","2"
"234023","chunshi z.","12.1167345","2"
"197462","Jenny Z.","11.9303232","2"
"236304","Y S.","11.743911899999999","2"
"197462","Yanxia G.","11.681774800000001","2"
"479503","Chang L.","11.6196377","2"
"234023","Sophie Z.","11.557500600000001","2"
"236304","Mei S.","11.246815100000001","2"
"234023","Jiannan H.","11.184678","3"
"234023","Hongmei W.","10.9982667","1"
"197462","Qinghua W.","10.6875812","2"
"197462","Zheng Z.","10.563307","2"
"479503","Lei W.","10.2526215","4"
"234023","Fucheng R.","10.1283473","6"
"234023","Jing Z.","10.1283473","2"
"197462","Shaoming Q.","10.004073100000001","1"
"234023","Fan W.","9.941936","1"
"479503","Fen Z.","9.941936","2"
