"Club ID", "Runner", "Distance", "Runs"
"236304","Shumin Z.","6.151572900000001","1"
"197462","Hong T.","5.7787503000000005","1"
"479503","Qi L.","0.5592339000000001","1"
