"Club ID", "Runner", "Distance", "Runs"
"234023","Jun Y.","89.97452080000001","14"
"234023","Shizhong Y.","85.749198","9"
"234023","Xianrong  W.","77.671375","7"
"234023","Yimei H.","74.99947970000001","7"
"234023","Kun S.","65.3682292","7"
"234023","Lance P.","64.4361727","6"
"234023","Yueping X.","62.0128258","9"
"234023","Qing D.","56.9797207","5"
"234023","Melissa Q.","54.4942367","12"
"236304","Henry (He) H.","53.6243173","5"
"234023","Enyang H.","52.505849500000004","6"
"234023","Jing Z.","52.4437124","7"
"234023","chunhua l.","52.0087527","6"
"234023","Wentao L.","51.5116559","5"
"236304","Y S.","50.020365500000004","5"
"236304","Sheldon F.","49.70968","6"
"234023","Fan W.","49.3989945","5"
"234023","Xianbao H.","48.5290751","6"
"234023","Lixin (Simon) G.","48.404800900000005","5"
"197462","Zunxuan Digger C.","47.224196","4"
"236304","Chunxin W.","47.162058900000005","6"
"236304","Scarlet  Z.","46.727099200000005","5"
"234023","Huaiqin W.","45.0493975","9"
"197462","JiaLin C.","45.0493975","5"
"236304","Shen X.","44.117341","5"
"236304","Qingfeng H.","43.309558700000004","4"
"236304","John L.","43.1852845","5"
"479503","Nadia L.","43.0610103","11"
"234023","Guanyu W.","42.998873200000006","5"
"234023","Gwong L.","42.004679599999996","4"
"234023","Sophie Z.","41.631857000000004","10"
"234023","Lucy L.","39.6434698","4"
"234023","Haiyan X.","39.0220988","4"
"234023","Xiali H.","38.9599617","4"
"234023","Jubao Z.","38.8356875","4"
"234023","Yiyong S.","38.4628649","5"
"479503","Lei W.","38.1521794","14"
"234023","Lanshan c.","37.7793568","6"
"234023","Connie C.","37.7172197","4"
"236304","Meng S.","37.4065342","5"
"236304","Qatar S.","37.4065342","6"
"234023","Fucheng R.","37.2201229","10"
"197462","Yanxia G.","36.3502035","5"
"234023","Yan Z.","36.2259293","4"
"234023","Jingning W.","34.9831873","4"
"234023","James N.","34.4239534","4"
"234023","Pei L.","34.1132679","4"
"236304","大雁 Z.","33.8025824","4"
"234023","Xiao H.","32.435566200000004","4"
"234023","Mingliang G.","32.2491549","5"
