"Club ID", "Runner", "Distance", "Runs"
"229749","jiangtao l.","28.396654700000003","4"
"229749","Chang L.","26.9675014","3"
"229749","Jun Z.","26.656815899999998","3"
"438046","Guodong P.","26.470404600000002","2"
"155681","Yong J.","26.035444899999998","5"
"484248","haiyi z.","23.0528641","4"
"523430","Stephen G.","21.9343963","2"
"229749","Shouhun  S.","20.194557500000002","2"
"229749","Junfeng Z.","20.0702833","2"
"484248","沛源 陈.","19.6353236","4"
"229749","Peng Z.","18.0818961","3"
"484248","Min P.","17.9576219","1"
"155681","James c.","17.7090735","2"
"155681","Sandra S.","17.5847993","2"
"155681","Weigang L.","17.274113800000002","2"
"155681","SK M.","16.652742800000002","2"
"229749","Haiguang C.","16.3420573","2"
"155681","Sunny Y.","16.0935089","2"
"155681","Bryan H.","15.9692347","1"
"484248","h w.","15.7206863","2"
"229749","Weihua C.","15.4100008","2"
"155681","Dai G.","14.3536701","3"
"484248","Chun Y.","14.1672588","2"
"155681","Luka噜 Q.","14.1672588","2"
"229749","Song W.","13.9808475","1"
"484248","楠 安.","13.9187104","2"
"155681","Diana W.","13.297339399999998","3"
"229749","Haiyong L.","13.048791","2"
"155681","Gwen蓬 L.","12.1167345","1"
"155681","Qiang M.","11.992460300000001","2"
"229749","Shengxi D.","11.433226399999999","2"
"155681","jessica Z.","10.811855399999999","2"
"484248","Jack J.","10.749718300000001","2"
"484248","Henry F.","10.625444100000001","2"
"155681","Chris C.","10.3768957","2"
"155681","Gowa B.","10.314758600000001","3"
"155681","Lei W.","10.314758600000001","3"
"155681","Henry W.","10.1283473","2"
"438046","Gary W.","10.004073100000001","1"
"229749","Yiting D.","9.941936","2"
"229749","劲松 彭.","9.941936","2"
"523430","Kevin L.","9.8176618","5"
"155681","Pingshan W.","9.6312505","2"
"229749","Josh W.","9.5691134","1"
"155681","Victor D.","9.5069763","2"
"484248","Yuhua G.","9.4448392","1"
"229749","Dahe Y.","9.320565","1"
"155681","Zunxuan Digger C.","9.258427900000001","1"
"484248","Sunny J.","9.0720166","2"
"523430","Samantha W.","8.699194","2"
