"Club ID", "Runner", "Distance", "Runs"
"229749","Shouhun  S.","14.4779443","1"
"484248","Wuxiong C.","7.5807262","1"
"484248","楠 安.","6.7108068","1"
"229749","jiangtao l.","6.4622584000000005","1"
"484248","haiyi z.","3.8525002","1"
"229749","Jidong D.","3.1689920999999996","1"
"229749","Henry M.","2.2990727","1"
