"Club ID", "Runner", "Distance", "Runs"
"229749","Shouhun  S.","20.194557500000002","2"
"484248","沛源 陈.","13.297339399999998","3"
"438046","Guodong P.","13.235202300000001","1"
"229749","jiangtao l.","13.1109281","2"
"155681","Gwen蓬 L.","12.1167345","1"
"229749","Jun Z.","11.743911899999999","1"
"229749","Junfeng Z.","10.563307","1"
"155681","James c.","10.501169899999999","1"
"155681","Sandra S.","10.501169899999999","1"
"229749","Peng Z.","10.0662102","2"
"155681","Yong J.","9.941936","2"
"229749","Josh W.","9.5691134","1"
"229749","Dahe Y.","9.320565","1"
"155681","Zunxuan Digger C.","9.258427900000001","1"
"229749","Chang L.","7.8914117","1"
"484248","Wuxiong C.","7.5807262","1"
"438046","Zhihong S.","7.5185891","1"
"155681","Luka噜 Q.","7.3321778","1"
"523430","Wei J.","7.2079036","1"
"229749","Dongyang L.","7.0214923","1"
"229749","Yibing G.","6.8972181","2"
"523430","Tony J.","6.835081","1"
"484248","楠 安.","6.7108068","1"
"229749","Shengxi D.","6.337984199999999","1"
"484248","JUAN H.","6.21371","1"
"155681","Chris C.","5.9651616","1"
"155681","Qiang M.","5.9651616","1"
"155681","Sunny Y.","5.9651616","1"
"229749","胖 猫.","5.9651616","1"
"229749","Haiyong L.","5.9030245","1"
"484248","Jack J.","5.840887400000001","1"
"229749","Feng T.","5.592339","2"
"484248","Henry F.","5.592339","1"
"155681","Andrew G.","5.4680648000000005","2"
"523430","Jianhui Y.","5.3437906","1"
"155681","Lei W.","5.2816535","2"
"229749","Haiguang C.","5.2195164","1"
"229749","Weihua C.","5.2195164","1"
"229749","Pengxiang Y.","5.1573793000000006","1"
"484248","Chun Y.","5.0952421999999995","1"
"229749","Max B.","5.0952421999999995","1"
"155681","Cc W.","5.0331051","1"
"229749","Sean L.","5.0331051","1"
"484248","Weber S.","4.970968","1"
"484248","伟中 苏.","4.970968","1"
"155681","Oliver C.","4.6602825","1"
"155681","jessica Z.","4.5981454","1"
"229749","Jun L.","4.5360083","1"
"229749","Yiting D.","4.4738712000000005","1"
"155681","Dai G.","4.0389115","1"
