"Club ID", "Runner", "Distance", "Runs"
"330129","Lianxue Y.","13.235202300000001","1"
"187897","Albert S.","6.648669699999999","1"
"187897","Scott L.","2.0505242999999997","1"
